{"goal": [-1.588534873505767, -0.20454705524278194, 0.16], "hazard0": [1.4381284848325566, 1.5062440877139793, 0.02], "hazard1": [-1.06441248784179, -0.9445772074858998, 0.02], "hazard2": [0.010559386093518697, 0.8003549731836928, 0.02], "hazard3": [0.6783653721338165, 0.15428149522704726, 0.02], "hazard4": [-1.4519720805787533, 0.633120951881692, 0.02], "hazard5": [1.4557030719223318, -0.07498848552072745, 0.02], "hazard6": [0.28725365247136625, -1.473343849441201, 0.02], "hazard7": [1.5525783734948657, -1.5439474408757559, 0.02]}