{"goal": [-1.5655067754407754, -1.2100647029174807, 0.16], "pillar0": [0.5658305731192885, -0.1394011338323593, 0.5], "pillar1": [1.4590268012557472, -1.330584430250891, 0.5], "pillar2": [-0.5236509860385468, -1.0799970770337786, 0.5], "pillar3": [0.35299216558573754, 1.1363562700466554, 0.5], "pillar4": [0.2136926131517547, -1.4432371335775178, 0.5], "pillar5": [1.1159068481920973, 0.5902443795673284, 0.5], "pillar6": [-0.8474175383945142, 0.6907904622021013, 0.5], "pillar7": [-1.5572606446220794, 0.3126139437779796, 0.5]}