{"goal": [-0.5655067754407754, -2.0100647029174807, 0.16],"hazard0": [-1.2564533070007184, 0.25344092082373626, 0.02], "hazard1": [-0.6627309704063145, -0.8929725117631041, 0.02], "hazard2": [-0.2095811293344667, 1.0317689952463795, 0.02], "hazard3": [-0.9261929244100646, 1.4219284865501858, 0.02], "hazard4": [-0.011420789367549755, -0.22790516405090822, 0.02], "hazard5": [-1.2780150691583192, -1.5753150582100237, 0.02], "hazard6": [-1.59638212238348, -0.809854986429523, 0.02], "hazard7": [0.3305884276766371, -1.1726536829862302, 0.02]}